year,nodes,edges,avg_degree,gamma,temperature,m,clustering,density
2015,378,4614,25.8625,2.2724475149065406,0.9944316945134941,12.93125,0.0055683054865058425,0.06475516820344407
